firstName,lastName,email,password
first,firstlast,adpreprod_newuser21@mailinator.com,password
second,secondlaast,adpreprod_newuser22@mailinator.com,password
third,thirdlast,adpreprod_newuser23@mailinator.com,password
fourth,fourthlast,adpreprod_newuser24@mailinator.com,password
fivth,fivthlast,adpreprod_newuser25@mailinator.com,password
second,secondlaast,adpreprod_newuser26@mailinator.com,password
third,thirdlast,adpreprod_newuser27@mailinator.com,password
fourth,fourthlast,adpreprod_newuser28@mailinator.com,password
fivth,fivthlast,adpreprod_newuser29@mailinator.com,password
second,secondlaast,adpreprod_newuser30@mailinator.com,password
